{
	"modelFileName": "panzerfaust3.glb",
	"animations": {
		"default": {
			"startTime": 470,
			"endTime": 480,
			"speed": 0.0015
		},
		"draw": {
			"startTime": 1,
			"endTime": 27,
			"speed": 0.024
		},
		"aim": {
			"speed": 0.002
		},
		"sprint": {
			"startTime": 370,
			"endTime": 410,
			"speed": 0.03
		},
		"preFire": {
			"startTime": 440,
			"endTime": 445,
			"speed": 0.3
		},
		"fire": {
			"startTime": 445,
			"endTime": 459,
			"speed": 0.24
		},
		"postFire": {
			"startTime": 460,
			"endTime": 470,
			"speed": 0.024
		},
		"preReload": {
			"startTime": 30,
			"endTime": 45,
			"speed": 0.024
		},
		"reloadFirst": {
			"startTime": 45,
			"endTime": 109,
			"speed": 0.024
		},
		"reloadSecond": {
			"startTime": 110,
			"endTime": 120,
			"speed": 0.024
		},
		"postReload": {
			"startTime": 110,
			"endTime": 130,
			"speed": 0.024
		},
		"preUnload": {
			"startTime": 140,
			"endTime": 150,
			"speed": 0.024
		},
		"unload": {
			"startTime": 150,
			"endTime": 190,
			"speed": 0.024
		},
		"postUnload": {
			"startTime": 190,
			"endTime": 200,
			"speed": 0.024
		},
		"inspect": {
			"startTime": 210,
			"endTime": 350,
			"speed": 0.02
		}
	},
	"sprint": {
		"basicSprint": false,
		"sprintRotate": {
			"x": 0.0,
			"y": 0.0,
			"z": 0.0
		},
		"sprintTranslate": {
			"x": 0.0,
			"y": 0.0,
			"z": 0.0
		}
	},
	"thirdPerson": {
		"renderElements": {
			"player": {
				"pos": {
					"x": 0.0,
					"y": 0.75,
					"z": -0.32
				},
				"rot": {
					"x": 0.0,
					"y": 90.0,
					"z": -90.0
				},
				"size": {
					"x": 0.7,
					"y": 0.7,
					"z": 0.7
				}
			},
			"itemloot": {
				"randomYaw": true,
				"pos": {
					"x": 0.0,
					"y": -0.47,
					"z": 0.0
				},
				"rot": {
					"x": 90.0,
					"y": 0.0,
					"z": 0.0
				},
				"size": {
					"x": 0.7,
					"y": 0.7,
					"z": 0.7
				}
			},
			"itemframe": {
				"pos": {
					"x": 0.0,
					"y": 0.0,
					"z": 0.0
				},
				"rot": {
					"x": 0.0,
					"y": 0.0,
					"z": 0.0
				},
				"size": {
					"x": 0.7,
					"y": 0.7,
					"z": 0.7
				}
			}
		}
	},
	"aim": {
		"rotateHipPosition": {
			"x": -5.0,
			"y": 0.0,
			"z": 0.0
		},
		"translateHipPosition": {
			"x": 10.0,
			"y": -1.5,
			"z": 2.0
		},
		"rotateAimPosition": {
			"x": 5.0,
			"y": 0.0,
			"z": 1.0
		},
		"translateAimPosition": {
			"x": -1.0,
			"y": 0.8,
			"z": -0.8
		}
	},
	"attachmentGroup": {
		"barrel": {
			"hidePart": [
				"defaultBarrelModel"
			],
			"translate": {
				"x": 0.0,
				"y": 0.0,
				"z": 0.0
			},
			"scale": {
				"x": 1.0,
				"y": 1.0,
				"z": 1.0
			},
			"rotate": {
				"x": 0.0,
				"y": 0.0,
				"z": 0.0
			}
		},
		"sight": {
			"translate": {
				"x": -2.0,
				"y": -2.0,
				"z": -1.0
			},
			"scale": {
				"x": 1.0,
				"y": 1.0,
				"z": 1.0
			},
			"rotate": {
				"x": 0.0,
				"y": 0.0,
				"z": 0.0
			}
		},
		"grip": {
			"translate": {
				"x": 0.0,
				"y": 0.0,
				"z": 0.0
			},
			"scale": {
				"x": 1.0,
				"y": 1.0,
				"z": 1.0
			},
			"rotate": {
				"x": 0.0,
				"y": 0.0,
				"z": 0.0
			}
		},
		"flashlight": {
			"translate": {
				"x": 0.0,
				"y": 0.0,
				"z": 0.0
			},
			"scale": {
				"x": 1.0,
				"y": 1.0,
				"z": 1.0
			},
			"rotate": {
				"x": 0.0,
				"y": 0.0,
				"z": 0.0
			}
		},
		"charm": {
			"translate": {
				"x": -2.0,
				"y": -1.4,
				"z": -0.42
			},
			"scale": {
				"x": 1.0,
				"y": 1.0,
				"z": 1.0
			},
			"rotate": {
				"x": 0.0,
				"y": 0.0,
				"z": 0.0
			}
		},
		"ammo": {
			"translate": {
				"x": 0.0,
				"y": 0.0,
				"z": 0.0
			},
			"scale": {
				"x": 1.0,
				"y": 1.0,
				"z": 1.0
			},
			"rotate": {
				"x": 0.0,
				"y": 0.0,
				"z": 0.0
			}
		},
		"bullet": {
			"translate": {
				"x": 0.0,
				"y": 0.0,
				"z": 0.0
			},
			"scale": {
				"x": 1.0,
				"y": 1.0,
				"z": 1.0
			},
			"rotate": {
				"x": 0.0,
				"y": 0.0,
				"z": 0.0
			}
		},
		"stock": {
			"translate": {
				"x": 0.0,
				"y": 0.0,
				"z": 0.0
			},
			"scale": {
				"x": 1.0,
				"y": 1.0,
				"z": 1.0
			},
			"rotate": {
				"x": 0.0,
				"y": 0.0,
				"z": 0.0
			}
		}
	},
	"attachment": {
		"tcp.scope_panzerfaust3": {
			"binding": "gunModel",
			"hidePart": [],
			"renderInsideSightModel": true,
			"renderInsideGunOffset": 13.0,
			"sightAimPosOffset": {
				"x": -0.8,
				"y": 0.13,
				"z": 0.67
			},
			"sightAimRotOffset": {
				"x": 0.0,
				"y": 0.0,
				"z": 0.0
			},
			"translate": {
				"x": 2.0,
				"y": 2.0,
				"z": 1.0
			},
			"scale": {
				"x": 1.0,
				"y": 1.0,
				"z": 1.0
			},
			"rotate": {
				"x": 0.0,
				"y": 0.0,
				"z": 0.0
			}
		},
		"tcp.grass_block": {
			"binding": "gunModel",
			"hidePart": [],
			"translate": {
				"x": 0.0,
				"y": 0.0,
				"z": 0.0
			},
			"scale": {
				"x": 0.7,
				"y": 0.7,
				"z": 0.7
			},
			"rotate": {
				"x": -20.0,
				"y": 0.0,
				"z": 0.0
			}
		}
	},
	"defaultHidePart": [
		"attachmentModel",
		"overlayModel"
	],
	"attachments": {},
	"global": {
		"globalTranslate": {
			"x": 0.0,
			"y": 0.0,
			"z": 0.0
		},
		"globalScale": {
			"x": 2.0,
			"y": 2.0,
			"z": 2.0
		},
		"globalRotate": {
			"x": 0.0,
			"y": 0.0,
			"z": 0.0
		}
	},
	"showHandArmorType": "static",
	"extra": {
		"translateAll": {
			"x": 0.0,
			"y": 0.0,
			"z": 0.0
		},
		"modelScale": 1.2,
		"modelGuiScale": 0.6,
		"modelGuiRotateCenter": {
			"x": 2.0,
			"y": 1.5
		},
		"gunOffsetScoping": 0.0,
		"crouchZoom": -0.035,
		"adsSpeed": 0.1,
		"modelRecoilBackwards": 0.075,
		"modelRecoilUpwards": 1.0,
		"modelRecoilShake": 0.5
	}
}