{
  "internalName": "tcp.12gslug",
  "maxStackSize": 64,
  "displayName": "SIZ Slug Gauge Shell",
  "renderBulletModel": true,

  "shellSound": "casing_gauge",
  "shellModelFileName": "tcp.12g_shell.obj",

  "bulletAccuracyFactor": 0.2,
  "bulletDamageFactor": 3,

  "isSlug": true,
  "isDynamicBullet": true,
  "sameTextureAsGun": false,
  "modelSkins": [
        {
            "internalName": "tcp.12gslug",
            "skinAsset": "tcp.12gslug",
            "displayName": "Default",
            "textures": ["basic","specular","normal"]
        }
    ],

  "bulletProperties": {
    "All": {
      "potionEffects": [
        {
          "potionEffect": "slowness",
          "duration": 40,
          "level": 2
        }
      ]
    },
    "Sheep": {
      "bulletDamageFactor": 1.5,
      "potionEffects": [
        {
          "potionEffect": "glowing",
          "duration": 100,
          "level": 1
        },
        {
          "potionEffect": "levitation",
          "duration": 100,
          "level": 3
        }
      ]
    }
  }
}