{
  "displayName": "SIZ Jet Backpack",
  "internalName": "siz.jet_backpack",
  "modelSkins": [
    {
      "skinAsset": "pilot_backpack",
      "textures": [
        "basic",
        "specular",
        "normal"
      ],
      "displayName": "SIZ Jet Backpack - Default"
    }
  ],
  "size": 8,
  "allowSmallerBackpackStorage": false,
  "maxWeaponStorage": 2,
  "weaponSoundMap": {
    "jetWork": [
      {
        "soundEvent": "jetWork",
        "soundName": "cloud.siz_jetwork_tcp",
        "soundRange": 64,
        "soundMaxRange": 96,
        "soundFadeMultiplier": 1
      }
    ],
    "jetFire": [
      {
        "soundEvent": "jetFire",
        "soundName": "cloud.siz_jetfire_tcp",
        "soundRange": 64,
        "soundMaxRange": 96,
        "soundFadeMultiplier": 1
      }
    ]
  },
  "isElytra": true,
  "elytraStoppable": true,

  "isJet": true,
  "jetGroundDust": true,
  "jetSneakHover": true,
  "jetWorkForce": 0.05,
  "jetIdleForce": -0.2,
  "jetMaxForce": 0.4,
  "jetElytraBoostDuration": 50,
  "jetElytraBosstCooltime": 40
}