{
  "modelFileName": "stun_grenade.obj",
  "arms": {
    "rightArm": {
      "armScale": {
        "x": 0.8,
        "y": 0.8,
        "z": 0.8
      },
      "armPos": {
        "x": 0.26,
        "y": -0.65,
        "z": 0.0
      },
      "armRot": {
        "x": 0.0,
        "y": 0.0,
        "z": -90.0
      },
      "armChargePos": {
        "x": 0.47,
        "y": -0.39,
        "z": 0.14
      },
      "armChargeRot": {
        "x": 0.0,
        "y": 0.0,
        "z": -90.0
      }
    }
  },
  "weaponBackSetting": {
    "weapenBackType": [5],
    "weapenBinding": "rightleg",
    "weapenBackOffSet": {
      "5": [0,0,0]
    },
    "weapenBackRotate": {
      "5": [0,0,0]
    },
    "weapenBackScale": {
      "5": [0,0,0]
    },
    "weapenBackOffSetWithPack": {
      "5": [0,0,0]
    },
    "weapenBackRotateWithPack": {
      "5": [0,0,0]
    },
    "weapenBackScaleWithPack": {
      "5": [0,0,0]
    }
    },
  "extra": {
    "modelScale": 1.0,
    "thirdPersonOffset": {
      "x": 0.0,
      "y": 0.0,
      "z": 0.0
    },
    "translateAll": {
      "x": 0.0,
      "y": 0.0,
      "z": 0.0
    }
  }
}