{
  "displayName": "SIZ M24A2",
  "internalName": "tcp.m24a2",
  "weaponType": "boltsniper",
  "animationType": "enhanced",
  "customFlashTexture": "prototype.advanced.flash",

  "gunDamage": 19,
  "gunDamageHeadshotBonus": 5,
  "gunPenetrateSize": 5.0,
  "gunPenetrationDamageFalloff": true,
  "gunMaxPenetrateBlockResistance": 10,
  "gunPenetrateBlocksResistance": 10,
  "roundsPerMin": 50,
  "reloadTime": 5,

  "recoilPitch": 7,
  "recoilYaw": 0.5,
  "randomRecoilPitch": 0.0,
  "randomRecoilYaw": 0.5,
  "bulletSpread": 4.7,

  "accuracySneakFactor": 0.7,
  "accuracyCrawlFactor": 0.5,
  "accuracyAimFactor": 0.00001,
  "recoilCrawlYawFactor": 0.9,
  "recoilCrawlPitchFactor": 0.6,
  
  "accuracyMoveOffset": 0.0,
  "accuracySprintOffset": 0.0,
  "accuracyHoverOffset": 0.0,

  "moveSpeedModifier": 0.9,
  "allowSprintFiring": true,

  "allowReloadFiring": false,
  "allowReloadSprint": true,
  "allowFiringSprint": true,
  "allowAimingSprint": false,

  "fireModes": [
    "semi"
  ],
  "acceptedAmmo": [
    "tcp.m24a2ammo"
  ],
  "allowEmptyMagazines": true,
  "dropBulletCasing": true,
  "shellEjectOffsetNormal": {
    "x": -1,
    "y": 0,
    "z": 1
  },
  "shellEjectOffsetAiming": {
    "x": -0.2,
    "y": 0.12,
    "z": 0.5
  },
  "weaponSoundMap": {
    "weaponFire": [
      {
        "soundEvent": "weaponFire",
        "soundName": "prototype.l115a3.shoot",
        "soundNameDistant": "prototype.l115a3.distant",
        "soundRange": 64,
        "soundMaxRange": 96,
        "soundFadeMultiplier": 1
      }
    ],
    "weaponFireSuppressed": [
      {
        "soundEvent": "weaponFireSuppressed",
        "soundName": "prototype.l115a3.shoot.sup",
        "soundNameDistant": "prototype.l115a3.sup",
        "soundRange": 20,
        "soundMaxRange": 50,
        "soundFadeMultiplier": 1
      }
    ],
    "weaponBolt": [
      {
        "soundEvent": "weaponBolt",
        "soundName": "cloud.siz_bg_m24a2_postfire_tcp"
      }
    ],
    "weaponDraw": [
      {
        "soundEvent": "weaponDraw",
        "soundName": "cloud.siz_bg_m24a2_draw_tcp"
      }
    ],
    "weaponLoad": [
      {
        "soundEvent": "weaponLoad",
        "soundName": "cloud.siz_bg_m24a2_reload2_tcp"
      }
    ],
    "weaponPostLoad": [
      {
        "soundEvent": "weaponPostLoad",
        "soundName": "cloud.siz_bg_m24a2_postreload_tcp"
      }
    ],
    "weaponUnload": [
      {
        "soundEvent": "weaponUnload",
        "soundName": "cloud.siz_bg_m24a2_reload_tcp"
      }
    ],
    "weaponReload": [
      {
        "soundEvent": "weaponReload",
        "soundName": "cloud.siz_bg_m24a2_reload_tcp"
      }
    ],
    "weaponReloadSecond": [
      {
        "soundEvent": "weaponReloadSecond",
        "soundName": "cloud.siz_bg_m24a2_reload2_tcp"
      }
    ],
    "weaponPostReload": [
      {
        "soundEvent": "weaponPostReload",
        "soundName": "cloud.siz_bg_m24a2_postreload_tcp"
      }
    ]
  },
  "acceptedAttachments": {
    "sight": [
      "tcp.sight_reddot",
      "tcp.scope_acog",
      "tcp.scope_pm",
      "tcp.scope_m24a2"
    ],
    "barrel": [
      "tcp.suppressor_normal"
    ],
    "charm": [
      "tcp.grass_block"
    ]
  },
  "defaultAttachments": {
    "sight": "tcp.scope_m24a2"
  },
  "modelSkins": [
    {
      "internalName": "tcp.m24a2",
      "skinAsset": "m24a2",
      "displayName": "Default",
      "textures": [
        "basic",
        "specular",
        "normal"
      ]
    }
  ]
}