{
    "internalName": "tcp.m4a4",
    "displayName": "SIZ M4A4",
    "weaponType": "carbine",
    "animationType": "enhanced",
    "customFlashTexture": "prototype.advanced.flash",

    "gunDamage": 9,
    "gunDamageHeadshotBonus": 2,
    "gunPenetrateSize": 4.0,
    "gunPenetrationDamageFalloff": true,
    "gunMaxPenetrateBlockResistance": 6,
    "gunPenetrateBlocksResistance": 10,
    "roundsPerMin": 580,
    "reloadTime": 5,

    "recoilPitch": 4.0,
    "recoilYaw": 0.8,
    "randomRecoilPitch": 0.0,
    "randomRecoilYaw": 0.8,
    "antiRecoilFactor": 16.0,
    "antiRecoilStartTime": 30,
    "bulletSpread": 1.6,

    "accuracySneakFactor": 0.7,
    "accuracyCrawlFactor": 0.5,
    "accuracyAimFactor": 0.1,
    "recoilCrawlYawFactor": 0.9,
    "recoilCrawlPitchFactor": 0.6,

    "moveSpeedModifier": 1,
    "allowSprintFiring": true,

    "allowReloadFiring": false,
    "allowReloadSprint": true,
    "allowFiringSprint": true,
    "allowAimingSprint": false,
    "fireModes": [
        "full",
        "semi"
    ],
    "acceptedAmmo": [
        "tcp.m4a4ammo"
    ],
    "allowEmptyMagazines": true,
    "dropBulletCasing": true,
    "shellEjectOffsetNormal": {
        "x": -1,
        "y": 0,
        "z": 1
    },
    "shellEjectOffsetAiming": {
        "x": -0.2,
        "y": 0.12,
        "z": 0.5
    },
    "weaponSoundMap": {
        "weaponFire": [
            {
                "soundEvent": "weaponFire",
                "soundName": "prototype.hk416.shoot",
                "soundNameDistant": "prototype.hk416.shoot.distant",
                "soundRange": 64,
                "soundMaxRange": 96,
                "soundFadeMultiplier": 1
            }
        ],
        "weaponFireSuppressed": [
            {
                "soundEvent": "weaponFireSuppressed",
                "soundName": "prototype.hk416.shoot.sup",
                "soundRange": 30,
                "soundMaxRange": 50,
                "soundFadeMultiplier": 1
            }
        ],
        "weaponDraw": [
            {
                "soundEvent": "weaponDraw",
                "soundName": "cloud.siz_bg_m4a4_draw_tcp"
            }
        ],
        "weaponLoad": [
            {
                "soundEvent": "weaponLoad",
                "soundName": "cloud.siz_bg_m4a4_reload2_tcp"
            }
        ],
        "weaponPostLoad": [
            {
                "soundEvent": "weaponPostLoad",
                "soundName": "cloud.siz_bg_m4a4_postload_tcp"
            }
        ],
        "weaponUnload": [
            {
                "soundEvent": "weaponUnload",
                "soundName": "cloud.siz_bg_m4a4_reload_tcp"
            }
        ],
        "weaponReload": [
            {
                "soundEvent": "weaponReload",
                "soundName": "cloud.siz_bg_m4a4_reload_tcp"
            }
        ],
        "weaponReloadSecond": [
            {
                "soundEvent": "weaponReloadSecond",
                "soundName": "cloud.siz_bg_m4a4_reload2_tcp"
            }
        ],
        "weaponPostReload": [
            {
                "soundEvent": "weaponPostReload",
                "soundName": "cloud.siz_bg_nope_tcp"
            }
        ],
        "weaponReloadEmpty": [
            {
                "soundEvent": "weaponReloadEmpty",
                "soundName": "cloud.siz_bg_m4a4_reload_tcp"
            }
        ],
        "weaponReloadSecondEmpty": [
            {
                "soundEvent": "weaponReloadSecondEmpty",
                "soundName": "cloud.siz_bg_m4a4_reload2_tcp"
            }
        ],
        "weaponPostReloadEmpty": [
            {
                "soundEvent": "weaponPostReloadEmpty",
                "soundName": "cloud.siz_bg_m4a4_postempty_tcp"
            }
        ]
    },
    "acceptedAttachments": {
        "sight": [
            "tcp.sight_reddot",
            "tcp.scope_acog",
            "tcp.scope_pm"
        ],
        "barrel": [
            "tcp.suppressor_normal"
        ],
        "grip": [
            "tcp.grip_ergo"
        ],
        "stock": [
            "tcp.stock_m4a4"
        ],
        "flashlight": [
            "tcp.flashlight_ak"
        ],
        "charm": [
            "tcp.grass_block"
        ]
    },
    "modelSkins": [
        {
            "internalName": "tcp.m4a4",
            "skinAsset": "m4a4",
            "displayName": "Default",
            "textures": [
                "basic",
                "specular",
                "normal"
            ]
        },
        {
            "internalName": "tcp.m4a4_test",
            "skinAsset": "m4a4_test",
            "displayName": "Default",
            "textures": [
                "basic",
                "specular",
                "normal"
            ]
        }
    ]
}