{
    "internalName": "tcp.ak74",
    "displayName": "SIZ AK74",
    "weaponType": "carbine",
    "animationType": "enhanced",
    "customFlashTexture": "prototype.advanced.flash",
	"customTrailTexture": "bullettrail1.png",
	"customTrailModel": "bullettrail1.obj",
	"customTrailGlow": true,

    "gunDamage": 8,
    "gunDamageHeadshotBonus": 2,
    "gunPenetrateSize": 3.0,
    "gunPenetrationDamageFalloff": true,
    "gunMaxPenetrateBlockResistance": 3,
    "gunPenetrateBlocksResistance": 3,
    "roundsPerMin": 400,
    "reloadTime": 5,

    "recoilPitch": 3,
    "recoilYaw": 1.0,
    "randomRecoilPitch": 0.0,
    "randomRecoilYaw": 0.8,
    "antiRecoilFactor": 5.0,
    "antiRecoilStartTime": 50,
    "bulletSpread": 3.0,

    "accuracySneakFactor": 0.7,
    "accuracyCrawlFactor": 0.5,
    "accuracyAimFactor": 0.1,
    "recoilCrawlYawFactor": 0.9,
    "recoilCrawlPitchFactor": 0.6,

    "modifyUnloadBullets": 0,

    "moveSpeedModifier": 1,
    "allowSprintFiring": true,

    "allowReloadFiring": false,
    "allowReloadSprint": true,
    "allowFiringSprint": true,
    "allowAimingSprint": false,

    "fireModes": [
        "full"
    ],
    "acceptedAmmo": [
        "tcp.akammo",
        "tcp.akfastammo"
    ],
    "allowEmptyMagazines": true,
    "dropBulletCasing": true,
    "shellEjectOffsetNormal": {
        "x": -1,
        "y": 0,
        "z": 0.8
    },
    "shellEjectOffsetAiming": {
        "x": -0.05,
        "y": 0.12,
        "z": 0.5
    },
    "weaponSoundMap": {
        "weaponFire": [
            {
                "soundEvent": "weaponFire",
                "soundName": "prototype.ak74u.shoot",
                "soundNameDistant": "prototype.ak74u.shoot.distant",
                "soundRange": 64,
                "soundMaxRange": 96,
                "soundFadeMultiplier": 1
            }
        ],
        "weaponFireSuppressed": [
            {
                "soundEvent": "weaponFireSuppressed",
                "soundName": "prototype.ak74u.shoot.sup",
                "soundRange": 30,
                "soundMaxRange": 50,
                "soundFadeMultiplier": 1
            }
        ],
        "weaponDraw": [
            {
                "soundEvent": "weaponDraw",
                "soundName": "cloud.siz_bg_akm_draw_tcp"
            }
        ],
		"weaponTakeDown": [
            {
                "soundEvent": "weaponTakeDown",
                "soundName": "cloud.siz_bg_akm_draw_tcp"
            }
        ],
        "weaponUnload": [
            {
                "soundEvent": "weaponUnload",
                "soundName": "cloud.siz_bg_akm_reload_tcp"
            }
        ],
        "weaponLoad": [
            {
                "soundEvent": "weaponLoad",
                "soundName": "cloud.siz_bg_akm_reload2_tcp"
            }
        ],
        "weaponPostLoad": [
            {
                "soundEvent": "weaponPostLoad",
                "soundName": "cloud.siz_bg_akm_postreload_tcp"
            }
        ],
        "weaponReload": [
            {
                "soundEvent": "weaponReload",
                "soundName": "cloud.siz_bg_akm_reload_tcp"
            }
        ],
        "weaponReloadSecond": [
            {
                "soundEvent": "weaponReloadSecond",
                "soundName": "cloud.siz_bg_akm_reload2_tcp"
            }
        ],
        "weaponPostReload": [
            {
                "soundEvent": "weaponPostReload",
                "soundName": "cloud.siz_bg_akm_postreload_tcp"
            }
        ],
        "inspect": [
            {
                "soundEvent": "inspect",
                "soundName": "prototype.ak74u.shoot"
            }
        ]
    },
    "acceptedAttachments": {
        "barrel": [
            "tcp.suppressor_normal"
        ],
        "sight": [
            "tcp.scope_obzor"
        ],
        "flashlight": [
            "tcp.flashlight_ak"
        ],
        "charm": [
            "tcp.grass_block"
        ]
    },
    "modelSkins": [
        {
            "internalName": "tcp.ak74",
            "skinAsset": "ak74",
            "displayName": "Default",
            "textures": [
                "basic",
				"specular",
				"normal"
            ]
        }
    ]
}