{
    "internalName": "tcp.glock40",
    "displayName": "SIZ Glock40",
    "weaponType": "pistol",
    "animationType": "enhanced",
    "customFlashTexture": "prototype.advanced.flash",

    "gunDamage": 6,
    "gunDamageHeadshotBonus": 2,
    "gunPenetrateSize": 3.0,
    "gunPenetrationDamageFalloff": true,
    "gunMaxPenetrateBlockResistance": 3,
    "gunPenetrateBlocksResistance": 3,
    "roundsPerMin": 300,

    "recoilPitch": 2.2,
    "recoilYaw": 0.4,
    "randomRecoilPitch": 0.0,
    "randomRecoilYaw": 0.5,
    "bulletSpread": 4.7,
    "numBullets": 2,

    "accuracySneakFactor": 0.7,
    "accuracyCrawlFactor": 0.5,
    "accuracyAimFactor": 0.01,
    "recoilCrawlYawFactor": 0.9,
    "recoilCrawlPitchFactor": 0.6,

    "armPose": "ITEM",
    "armPoseAiming": "BOW_AND_ARROW",

    "modifyUnloadBullets": 0,

    "moveSpeedModifier": 1,
    "allowSprintFiring": true,

    "allowReloadFiring": false,
    "allowReloadSprint": true,
    "allowFiringSprint": true,
    "allowAimingSprint": false,

    "fireModes": [
        "semi",
        "full"
    ],
    "acceptedAmmo": [
        "tcp.glock40ammo"
    ],
    "allowEmptyMagazines": true,
    
    "dropBulletCasing": true,
    "shellEjectOffsetNormal": {
        "x": -1,
        "y": 0,
        "z": 1
    },
    "shellEjectOffsetAiming": {
        "x": -0.2,
        "y": 0.12,
        "z": 0.5
    },
    "weaponSoundMap": {
        "weaponFire": [
            {
                "soundEvent": "weaponFire",
                "soundName": "cloud.siz_bg_glock40_shoot1_tcp",
                "soundNameDistant": "omw.fiveseven.distant",
                "soundRange": 64,
                "soundMaxRange": 96,
                "soundFadeMultiplier": 1
            }
        ],
        "weaponDraw": [
            {
                "soundEvent": "weaponDraw",
                "soundName": "cloud.siz_bg_glock40_draw_tcp"
            }
        ],
        "weaponTakedown": [
            {
                "soundEvent": "weaponTakedown",
                "soundName": "cloud.siz_bg_deagle_postreload_tcp"
            }
        ],
        "weaponTakedownEmpty": [
            {
                "soundEvent": "weaponTakedownEmpty",
                "soundName": "cloud.siz_bg_deagle_reload_tcp"
            }
        ],
        "weaponPreLoad": [
            {
                "soundEvent": "weaponPreLoad",
                "soundName": "cloud.siz_bg_deagle_reload2_tcp"
            }
        ],
        "weaponLoad": [
            {
                "soundEvent": "weaponLoad",
                "soundName": "cloud.siz_bg_glock40_postreloadempty_tcp"
            }
        ],
        "weaponPreUnload": [
            {
                "soundEvent": "weaponPreUnload",
                "soundName": "cloud.siz_bg_glock40_prereload_tcp"
            }
        ],
        "weaponUnload": [
            {
                "soundEvent": "weaponUnload",
                "soundName": "cloud.siz_bg_deagle_reload_tcp"
            }
        ],
        "weaponPostUnload": [
            {
                "soundEvent": "weaponPostUnload",
                "soundName": "cloud.siz_bg_deagle_postreload_tcp"
            }
        ],
        "weaponPreReload": [
            {
                "soundEvent": "weaponPreReload",
                "soundName": "cloud.siz_bg_glock40_prereload_tcp"
            }
        ],
        "weaponReload": [
            {
                "soundEvent": "weaponReload",
                "soundName": "cloud.siz_bg_glock40_reload_tcp"
            }
        ],
        "weaponReloadSecond": [
            {
                "soundEvent": "weaponReloadSecond",
                "soundName": "cloud.siz_bg_deagle_reload2_tcp"
            }
        ],
        "weaponPostReload": [
            {
                "soundEvent": "weaponPostReload",
                "soundName": "cloud.siz_bg_deagle_postreload_tcp"
            }
        ],
        "weaponPreReloadEmpty": [
            {
                "soundEvent": "weaponPreReloadEmpty",
                "soundName": "cloud.siz_bg_glock40_prereload_tcp"
            }
        ],
        "weaponReloadEmpty": [
            {
                "soundEvent": "weaponReloadEmpty",
                "soundName": "cloud.siz_bg_glock40_reload_tcp"
            }
        ],
        "weaponReloadSecondEmpty": [
            {
                "soundEvent": "weaponReloadSecondEmpty",
                "soundName": "cloud.siz_bg_deagle_reload2_tcp"
            }
        ],
        "weaponPostReloadEmpty": [
            {
                "soundEvent": "weaponPostReloadEmpty",
                "soundName": "cloud.siz_bg_glock40_postreloadempty_tcp"
            }
        ]
    },
    "defaultAttachments": {
        "sight": "tcp.glock40_sight"
    },
    "acceptedAttachments": {
        "sight": [
            "tcp.glock40_sight"
        ],
		"charm": [
            "tcp.grass_block"
        ]
    },
    "modelSkins": [
        {
            "internalName": "tcp.glock40",
            "skinAsset": "glock40",
            "displayName": "Default",
            "textures": [
                "basic",
                "specular",
                "normal"
            ]
        }
    ]
}