{
    "internalName": "prototype.tec9",
    "displayName": "Tec-9",
    "weaponType": "pistol",
    "customFlashTexture": "prototype.advanced.flash",
    "gunDamage": 7.5,
    "gunDamageHeadshotBonus": 2,
    "roundsPerMin": 800,
    "allowEmptyMagazines": true,
    "recoilPitch": 2.5,
    "recoilYaw": 1.5,
    "randomRecoilPitch": 0.8,
    "randomRecoilYaw": 0.8,
    "bulletSpread": 2,
    "armPose": "ITEM",
    "armPoseAiming": "BOW_AND_ARROW",
    "accuracySneakFactor": 0.5,
    "moveSpeedModifier": 1,
    "allowSprintFiring": true,
    "fireModes": [
        "semi"
    ],
    "acceptedAmmo": [
        "prototype.tec9ammo"
    ],
    "dropBulletCasing": true,
    "shellEjectOffsetNormal": {
        "x": -1,
        "y": 0,
        "z": 1
    },
    "shellEjectOffsetAiming": {
        "x": -0.2,
        "y": 0.12,
        "z": 0.5
    },
    "weaponSoundMap": {
        "weaponFire": [
            {
                "soundEvent": "weaponFire",
                "soundName": "prototype.tec9.shoot",
                "soundNameDistant": "prototype.tec9.distant",
                "soundRange": 40,
                "soundMaxRange": 64,
                "soundFadeMultiplier": 1
            }
        ],
        "weaponUnload": [
            {
                "soundEvent": "weaponReload",
                "soundName": "prototype.generic.reload"
            }
        ]
    },
	"acceptedAttachments":{
        "charm":[
        ]
    },
    "modelSkins": [
        {
            "internalName": "prototype.tec9",
            "skinAsset": "prototype.tec9",
            "displayName": "Default",
            "textures": ["basic"]
        }
    ]
}