{
    "internalName": "prototype.rpg7",
    "displayName": "RPG-7",
    "customFlashTexture": "prototype.advanced.flash",

    "weaponType": "launcher",
    "numBullets": 1,
    "internalAmmoStorage": 1,
    "fireModes": [
        "semi"
    ],
    "acceptedBullets": [
        "prototype.rocket"
    ],
    "dropBulletCasing": false,

    "roundsPerMin": 575,
    "allowEmptyMagazines": true,
    "recoilPitch": 5,
    "recoilYaw": 5,
    "randomRecoilPitch": 0.8,
    "randomRecoilYaw": 0.8,
    "bulletSpread": 4,
    "armPose": "ITEM",
    "armPoseAiming": "BOW_AND_ARROW",
	
    "accuracySneakFactor": 0.8,
	"accuracyCrawlFactor": 0.6,
	"accuracyAimFactor": 0.1,
	
    "moveSpeedModifier": 1,
    "allowSprintFiring": true,



    "shellEjectOffsetNormal": {
        "x": -1,
        "y": 0,
        "z": 1
    },
    "shellEjectOffsetAiming": {
        "x": -0.2,
        "y": 0.12,
        "z": 0.5
    },
    "weaponSoundMap": {
        "weaponFire": [
            {
                "soundEvent": "weaponFire",
                "soundName": "prototype.rpg7.shoot",
                "soundNameDistant": "prototype.rpg7.distant",
                "soundRange": 64,
                "soundMaxRange": 96,
                "soundFadeMultiplier": 1
            }
        ],
        "weaponUnload": [
            {
                "soundEvent": "weaponReload",
                "soundName": "prototype.generic.reload"
            }
        ]
    },
	"acceptedAttachments":{
        "charm":[
        ]
    },
    "modelSkins": [
        {
            "internalName": "prototype.rpg7",
            "skinAsset": "prototype.rpg7",
            "displayName": "Default",
            "textures": ["basic"]
        }
    ]
}