{
    "name": "siz.character_1",
	"model": "character_1.glb",
	"tex": "character_1.png",
	"FPS": 60,
	"animations": {
		"default": {
			"startTime": 204,
			"endTime": 210,
			"speed": 0.024
		},
		"walk": {
			"startTime": 1,
			"endTime": 41,
			"speed": 0.024
		},
		"sprint": {
			"startTime": 135,
			"endTime": 175,
			"speed": 0.024
		},
		"crouch": {
			"startTime": 1170,
			"endTime": 1270,
			"speed": 0.024
		},
		"crouch_idle": {
			"startTime": 1420,
			"endTime": 1500,
			"speed": 0.024
		},
		"sneak": {
			"startTime": 240,
			"endTime": 340,
			"speed": 0.024
		},
		"sneak_idle": {
			"startTime": 580,
			"endTime": 620,
			"speed": 0.024
		},
		"crawl": {
			"startTime": 1600,
			"endTime": 1680,
			"speed": 0.024
		},
		"crawl_idle": {
			"startTime": 1540,
			"endTime": 1580,
			"speed": 0.024
		},
		"attack": {
			"startTime": 75,
			"endTime": 95,
			"speed": 0.024
		},
		"slide": {
			"startTime": 1740,
			"endTime": 1780,
			"speed": 0.024
		},
		"leanRight": {
			"startTime": 1070,
			"endTime": 1080,
			"speed": 0.024
		},
		"leanLeft": {
			"startTime": 1110,
			"endTime": 1120,
			"speed": 0.024
		},
		"gunIdle": {
			"startTime": 1840,
			"endTime": 1860,
			"speed": 0.024
		},
		"gunAim": {
			"startTime": 1920,
			"endTime": 1940,
			"speed": 0.024
		},
		"gunFire": {
			"startTime": 1838,
			"endTime": 1840,
			"speed": 0.024
		},
		"gunReload": {
			"startTime": 2000,
			"endTime": 2040,
			"speed": 0.024
		},
		"gunDraw": {
			"startTime": 1820,
			"endTime": 1840,
			"speed": 0.024
		},
		"hit": {
			"startTime": 820,
			"endTime": 850,
			"speed": 0.024
		},
		"death": {
			"startTime": 840,
			"endTime": 1040,
			"speed": 0.024
		},
		"jump": {
			"startTime": 105,
			"endTime": 115,
			"speed": 0.024
		},
		"hover": {
			"startTime": 700,
			"endTime": 780,
			"speed": 0.024
		},
		"specAction": {
			"startTime": 2080,
			"endTime": 2160,
			"speed": 0.024
		}
	}
}