{
  "internalName": "tcp.12gdragon",
  "maxStackSize": 64,
  "displayName": "SIZ Gauge Dragon's breath",
  "renderBulletModel": true,
  "isDynamicBullet": false,
  "sameTextureAsGun": false,
  "trailTex": "bullettrail2.png",
  "trailModel": "bullettrail1.obj",
  "trailGlow": true,
  "modelSkins": [
        {
            "internalName": "tcp.12g",
            "skinAsset": "tcp.12g",
            "displayName": "Default",
            "textures": ["basic","specular","normal"]
        }
    ],
  "bulletProperties": {
    "All": {
      "fireLevel": 1,
      "explosionLevel": 0.2,
      "explosionBroken": false,
      "knockLevel": 0.5,
      "banShield": true
    }
  },
  "shellModelFileName": "tcp.12g_shell.obj"
}