{
  "internalName": "tcp.7_62_ap",
  "maxStackSize": 64,
  "bulletPenetrateFactor": 1.5,
  "bulletBlockPenetrateFactor": 2,
  "displayName": "SIZ 7.62 AP Bullet",
  "renderBulletModel": true,
  "isDynamicBullet": false,
  "sameTextureAsGun": false,
  "modelSkins": [
        {
            "internalName": "tcp.7_62",
            "skinAsset": "tcp.7_62",
            "displayName": "Default",
            "textures": ["basic","specular","normal"]
        }
    ],
  "shellModelFileName": "tcp.7_62_shell.obj"
}