{
"cloud.siz_bg_nope_tcp": {"category": "player","sounds": [{"name": "modularwarfare:siz_bg_nope","stream": true}]},
"cloud.siz_bg_deagle_shoot1_tcp": {"category": "player","sounds": [{"name": "modularwarfare:siz_bg_deagle_shoot1_1","stream": true}]},
"cloud.siz_bg_deagle_draw_tcp": {"category": "player","sounds": [{"name": "modularwarfare:siz_bg_deagle_draw","stream": true}]},
"cloud.siz_bg_deagle_reload_tcp": {"category": "player","sounds": [{"name": "modularwarfare:siz_bg_deagle_reload","stream": true}]},
"cloud.siz_bg_deagle_reload2_tcp": {"category": "player","sounds": [{"name": "modularwarfare:siz_bg_deagle_reload2","stream": true}]},
"cloud.siz_bg_deagle_postreload_tcp": {"category": "player","sounds": [{"name": "modularwarfare:siz_bg_deagle_postreload","stream": true}]},
"cloud.siz_bg_akm_draw_tcp": {"category": "player","sounds": [{"name": "modularwarfare:siz_bg_akm_draw","stream": true}]},
"cloud.siz_bg_akm_reload_tcp": {"category": "player","sounds": [{"name": "modularwarfare:siz_bg_akm_reload","stream": true}]},
"cloud.siz_bg_akm_reload2_tcp": {"category": "player","sounds": [{"name": "modularwarfare:siz_bg_akm_reload2","stream": true}]},
"cloud.siz_bg_akm_postreload_tcp": {"category": "player","sounds": [{"name": "modularwarfare:siz_bg_akm_postreload","stream": true}]},
"cloud.siz_bg_m4a4_draw_tcp": {"category": "player","sounds": [{"name": "modularwarfare:siz_bg_m4a4_draw","stream": true}]},
"cloud.siz_bg_m4a4_reload_tcp": {"category": "player","sounds": [{"name": "modularwarfare:siz_bg_m4a4_reload","stream": true}]},
"cloud.siz_bg_m4a4_reload2_tcp": {"category": "player","sounds": [{"name": "modularwarfare:siz_bg_m4a4_reload2","stream": true}]},
"cloud.siz_bg_m4a4_postempty_tcp": {"category": "player","sounds": [{"name": "modularwarfare:siz_bg_m4a4_postempty","stream": true}]},
"cloud.siz_bg_m4a4_postload_tcp": {"category": "player","sounds": [{"name": "modularwarfare:siz_bg_m4a4_postload","stream": true}]},
"cloud.siz_bg_m24a2_draw_tcp": {"category": "player","sounds": [{"name": "modularwarfare:siz_bg_m24a2_draw","stream": true}]},
"cloud.siz_bg_m24a2_reload_tcp": {"category": "player","sounds": [{"name": "modularwarfare:siz_bg_m24a2_reload","stream": true}]},
"cloud.siz_bg_m24a2_reload2_tcp": {"category": "player","sounds": [{"name": "modularwarfare:siz_bg_m24a2_reload2","stream": true}]},
"cloud.siz_bg_m24a2_postfire_tcp": {"category": "player","sounds": [{"name": "modularwarfare:siz_bg_m24a2_postfire","stream": true}]},
"cloud.siz_bg_m24a2_postreload_tcp": {"category": "player","sounds": [{"name": "modularwarfare:siz_bg_m24a2_postreload","stream": true}]},
"cloud.siz_bg_panzerfaust3_draw_tcp": {"category": "player","sounds": [{"name": "modularwarfare:siz_bg_panzerfaust3_draw","stream": true}]},
"cloud.siz_bg_panzerfaust3_reload_tcp": {"category": "player","sounds": [{"name": "modularwarfare:siz_bg_panzerfaust3_reload","stream": true}]},
"cloud.siz_bg_panzerfaust3_unload_tcp": {"category": "player","sounds": [{"name": "modularwarfare:siz_bg_panzerfaust3_unload","stream": true}]}
}