{
    "internalName": "tcp.deagle",
    "displayName": "SIZ Deagle",
    "weaponType": "pistol",
	"animationType": "enhanced",
    "customFlashTexture":"prototype.advanced.flash",
	
    "gunDamage": 8,
	"gunDamageHeadshotBonus": 2,
    "roundsPerMin": 250,
	
    
    "recoilPitch": 2.2,
    "recoilYaw": 0.4,
    "randomRecoilPitch": 0.0,
    "randomRecoilYaw": 0.5,
	"bulletSpread": 4.7,
	
	"accuracySneakFactor": 0.7,
	"accuracyCrawlFactor": 0.5,
	"accuracyAimFactor": 0.01,
	"recoilCrawlYawFactor": 0.9,
	"recoilCrawlPitchFactor": 0.6,
	
    "armPose": "ITEM",
    "armPoseAiming": "BOW_AND_ARROW",
	
	"modifyUnloadBullets": 0,
	
    "moveSpeedModifier": 1,
    "allowSprintFiring": true,
	
	"allowReloadFiring": false,
	"allowReloadSprint": true,
	"allowFiringSprint": true,
	"allowAimingSprint": false,
	
    "fireModes": [
        "semi"
    ],
    "acceptedAmmo": [
        "tcp.deagleammo"
    ],
	"allowEmptyMagazines": true,
	
    "dropBulletCasing": true,
    "shellEjectOffsetNormal": {
        "x": -1,
        "y": 0,
        "z": 1
    },
    "shellEjectOffsetAiming": {
        "x": -0.2,
        "y": 0.12,
        "z": 0.5
    },
    "weaponSoundMap": {
        "weaponFire": [
            {
                "soundEvent": "weaponFire",
                "soundName": "cloud.siz_bg_deagle_shoot1_tcp",
                "soundNameDistant": "omw.fiveseven.distant",
                "soundRange": 64,
                "soundMaxRange": 96,
                "soundFadeMultiplier": 1
            }
        ],
		"weaponDraw": [
            {
                "soundEvent": "weaponDraw",
                "soundName": "cloud.siz_bg_deagle_draw_tcp"
            }
        ],
		"weaponLoad": [
            {
                "soundEvent": "weaponLoad",
                "soundName": "cloud.siz_bg_deagle_reload2_tcp"
            }
        ],
		"weaponPostLoad": [
            {
                "soundEvent": "weaponPostLoad",
                "soundName": "cloud.siz_bg_deagle_postreload_tcp"
            }
        ],
		"weaponUnload": [
            {
                "soundEvent": "weaponUnload",
                "soundName": "cloud.siz_bg_deagle_reload_tcp"
            }
        ],
		"weaponPostUnload": [
            {
                "soundEvent": "weaponPostUnload",
                "soundName": "cloud.siz_bg_deagle_postreload_tcp"
            }
        ],
		"weaponReload": [
			{
				"soundEvent": "weaponReload",
				"soundName": "cloud.siz_bg_deagle_reload_tcp"
			}
		],
		"weaponReloadSecond": [
			{
				"soundEvent": "weaponReloadSecond",
				"soundName": "cloud.siz_bg_deagle_reload2_tcp"
			}
		],
		"weaponPostReload": [
			{
				"soundEvent": "weaponPostReload",
				"soundName": "cloud.siz_bg_deagle_postreload_tcp"
			}
		]
    },
    "acceptedAttachments": {
        "sight": [
            "tcp.sight_reddot"
        ],
		"charm": [
	        "tcp.grass_block"
	    ]
    },
    "modelSkins": [
        {
            "internalName": "tcp.deagle",
            "skinAsset": "deagle",
            "displayName": "Default",
            "textures": ["basic","specular","normal"]
        }
    ]
}