{
    "internalName": "tcp.panzerfaust3",
    "displayName": "SIZ PanzerFaust3",
    "weaponType": "launcher",
    "animationType": "enhanced",
    "customFlashTexture": "prototype.advanced.flash",

    "numBullets": 1,
    "internalAmmoStorage": 1,
    "roundsPerMin": 575,
    "reloadTime": 5,

    "recoilPitch": 5,
    "recoilYaw": 5,
    "randomRecoilPitch": 0.8,
    "randomRecoilYaw": 0.8,
    "bulletSpread": 4.0,

    "accuracySneakFactor": 0.8,
    "accuracyCrawlFactor": 0.6,
    "accuracyAimFactor": 0.1,
    "recoilCrawlYawFactor": 0.9,
    "recoilCrawlPitchFactor": 0.6,

    "moveSpeedModifier": 1,
    "allowSprintFiring": true,

    "allowReloadFiring": false,
    "allowReloadSprint": true,
    "allowFiringSprint": true,
    "allowAimingSprint": false,

    "fireModes": [
        "semi"
    ],
    "acceptedBullets": [
        "tcp.panzerfaust3_rocket"
    ],
    "dropBulletCasing": false,
    "allowEmptyMagazines": true,
    "armPose": "ITEM",
    "armPoseAiming": "BOW_AND_ARROW",
    "shellEjectOffsetNormal": {
        "x": -1,
        "y": 0,
        "z": 1
    },
    "shellEjectOffsetAiming": {
        "x": -0.2,
        "y": 0.12,
        "z": 0.5
    },
    "weaponSoundMap": {
        "weaponFire": [
            {
                "soundEvent": "weaponFire",
                "soundName": "prototype.rpg7.shoot",
                "soundNameDistant": "prototype.rpg7.distant",
                "soundRange": 64,
                "soundMaxRange": 96,
                "soundFadeMultiplier": 1
            }
        ],
        "weaponDraw": [
            {
                "soundEvent": "weaponDraw",
                "soundName": "cloud.siz_bg_panzerfaust3_draw_tcp"
            }
        ],
        "weaponUnload": [
            {
                "soundEvent": "weaponUnload",
                "soundName": "cloud.siz_bg_panzerfaust3_unload_tcp"
            }
        ],
        "weaponReload": [
            {
                "soundEvent": "weaponReload",
                "soundName": "cloud.siz_bg_panzerfaust3_reload_tcp"
            }
        ]
    },
    "acceptedAttachments": {
        "sight": [
            "tcp.scope_panzerfaust3"
        ],
        "charm": [
            "tcp.grass_block"
        ]
    },
    "modelSkins": [
        {
            "internalName": "tcp.panzerfaust3",
            "skinAsset": "panzerfaust3",
            "displayName": "Default",
            "textures": [
                "basic",
                "specular",
                "normal"
            ]
        }
    ]
}