{
  "modelFileName": "smoke_grenade.obj",
  "weaponBackSetting": {
    "weapenBackType": [5],
    "weapenBinding": "rightleg",
    "weapenBackOffSet": {
      "5": [0,0,0]
    },
    "weapenBackRotate": {
      "5": [0,0,0]
    },
    "weapenBackScale": {
      "5": [0,0,0]
    },
    "weapenBackOffSetWithPack": {
      "5": [0,0,0]
    },
    "weapenBackRotateWithPack": {
      "5": [0,0,0]
    },
    "weapenBackScaleWithPack": {
      "5": [0,0,0]
    }
    },
  "extra": {
    "modelScale": 1.0,
    "translateAll": {
      "x": -5.0,
      "y": 4.0,
      "z": 0.0
    },
    "thirdPersonOffset": {
      "x": 0.0,
      "y": 0.0,
      "z": 0.0
    }
  }
}