{
	"modelFileName": "ak74.glb",
	"animations": {
		"default": {
			"startTime": 690,
			"endTime": 700,
			"speed": 0.015
		},
		"draw": {
			"startTime": 1,
			"endTime": 30,
			"speed": 0.024
		},
		"aim": {
			"speed": 0.0015
		},
		"sprint": {
			"startTime": 530,
			"endTime": 550,
			"speed": 0.018
		},
		"preFire": {
			"startTime": 50,
			"endTime": 56,
			"speed": 1.0
		},
		"fire": {
			"startTime": 60,
			"endTime": 67,
			"speed": 0.24
		},
		"postFire": {
			"startTime": 67,
			"endTime": 77,
			"speed": 0.048
		},
		"preReload": {
			"startTime": 80,
			"endTime": 94,
			"speed": 0.024
		},
		"reloadFirst": {
			"startTime": 94,
			"endTime": 121,
			"speed": 0.024
		},
		"reloadSecond": {
			"startTime": 121,
			"endTime": 144,
			"speed": 0.024
		},
		"postReload": {
			"startTime": 144,
			"endTime": 166,
			"speed": 0.024
		},
		"reloadFirstQuickly": {
			"startTime": 94,
			"endTime": 121,
			"speed": 0.024
		},
		"reloadSecondQuickly": {
			"startTime": 121,
			"endTime": 144,
			"speed": 0.024
		},
		"preLoad": {
			"startTime": 180,
			"endTime": 207,
			"speed": 0.024
		},
		"load": {
			"startTime": 207,
			"endTime": 228,
			"speed": 0.024
		},
		"postLoad": {
			"startTime": 228,
			"endTime": 250,
			"speed": 0.024
		},
		"preUnload": {
			"startTime": 280,
			"endTime": 294,
			"speed": 0.024
		},
		"unload": {
			"startTime": 294,
			"endTime": 325,
			"speed": 0.03
		},
		"inspect": {
			"startTime": 360,
			"endTime": 518,
			"speed": 0.018
		}
	},
	"sprint": {
		"basicSprint": false,
		"sprintRotate": {
			"x": 0.0,
			"y": 0.0,
			"z": 0.0
		},
		"sprintTranslate": {
			"x": 0.0,
			"y": 0.0,
			"z": 0.0
		}
	},
	"thirdPerson": {
		"renderElements": {
			"player": {
				"pos": {
					"x": 0.0,
					"y": 0.85,
					"z": -0.3
				},
				"rot": {
					"x": 0.0,
					"y": 90.0,
					"z": -90.0
				},
				"size": {
					"x": 0.7,
					"y": 0.7,
					"z": 0.7
				}
			},
			"itemloot": {
				"randomYaw": true,
				"pos": {
					"x": 0.0,
					"y": -0.47,
					"z": 0.0
				},
				"rot": {
					"x": 90.0,
					"y": 0.0,
					"z": 0.0
				},
				"size": {
					"x": 0.7,
					"y": 0.7,
					"z": 0.7
				}
			},
			"itemframe": {
				"pos": {
					"x": 0.0,
					"y": 0.0,
					"z": 0.0
				},
				"rot": {
					"x": 0.0,
					"y": 0.0,
					"z": 0.0
				},
				"size": {
					"x": 0.7,
					"y": 0.7,
					"z": 0.7
				}
			}
		}
	},
	"aim": {
		"rotateHipPosition": {
			"x": -5.0,
			"y": 0.0,
			"z": 0.0
		},
		"translateHipPosition": {
			"x": 10.0,
			"y": -1.5,
			"z": 1.0
		},
		"rotateAimPosition": {
			"x": 5.0,
			"y": 0.0,
			"z": 1.0
		},
		"translateAimPosition": {
			"x": -6.0,
			"y": 1.4,
			"z": -1.0
		}
	},
	"attachmentGroup": {
		"barrel": {
			"hidePart": [
				"defaultBarrelModel"
			],
			"translate": {
				"x": 9.6,
				"y": -1.3,
				"z": 0.0
			},
			"scale": {
				"x": 1.0,
				"y": 1.0,
				"z": 1.0
			},
			"rotate": {
				"x": 0.0,
				"y": 0.0,
				"z": 0.0
			}
		},
		"sight": {
			"translate": {
				"x": 0.0,
				"y": 0.0,
				"z": 0.0
			},
			"scale": {
				"x": 1.0,
				"y": 1.0,
				"z": 1.0
			},
			"rotate": {
				"x": 0.0,
				"y": 0.0,
				"z": 0.0
			}
		},
		"grip": {
			"translate": {
				"x": 0.0,
				"y": 0.0,
				"z": 0.0
			},
			"scale": {
				"x": 1.0,
				"y": 1.0,
				"z": 1.0
			},
			"rotate": {
				"x": 0.0,
				"y": 0.0,
				"z": 0.0
			}
		},
		"flashlight": {
			"translate": {
				"x": 4.0,
				"y": -0.1,
				"z": 0.0
			},
			"scale": {
				"x": 1.0,
				"y": 1.0,
				"z": 1.0
			},
			"rotate": {
				"x": 0.0,
				"y": 0.0,
				"z": 0.0
			}
		},
		"charm": {
			"translate": {
				"x": -0.4,
				"y": -1.7,
				"z": -0.4
			},
			"scale": {
				"x": 1.0,
				"y": 1.0,
				"z": 1.0
			},
			"rotate": {
				"x": 0.0,
				"y": 0.0,
				"z": 0.0
			}
		},
		"ammo": {
			"translate": {
				"x": 0.0,
				"y": 0.0,
				"z": 0.0
			},
			"scale": {
				"x": 1.0,
				"y": 1.0,
				"z": 1.0
			},
			"rotate": {
				"x": 0.0,
				"y": 0.0,
				"z": 0.0
			}
		},
		"bullet": {
			"translate": {
				"x": 0.0,
				"y": 0.0,
				"z": 0.0
			},
			"scale": {
				"x": 1.0,
				"y": 1.0,
				"z": 1.0
			},
			"rotate": {
				"x": 0.0,
				"y": 0.0,
				"z": 0.0
			}
		},
		"stock": {
			"translate": {
				"x": 0.0,
				"y": 0.0,
				"z": 0.0
			},
			"scale": {
				"x": 1.0,
				"y": 1.0,
				"z": 1.0
			},
			"rotate": {
				"x": 0.0,
				"y": 0.0,
				"z": 0.0
			}
		}
	},
	"attachment": {
		"tcp.scope_obzor": {
			"binding": "gunModel",
			"hidePart": [],
			"renderInsideSightModel": true,
			"renderInsideGunOffset": 10.5,
			"sightAimPosOffset": {
				"x": 2.0,
				"y": -0.41,
				"z": -0.02
			},
			"sightAimRotOffset": {
				"x": 0.0,
				"y": -0.05,
				"z": 0.0
			},
			"translate": {
				"x": -3.8,
				"y": 0.0,
				"z": 0.0
			},
			"scale": {
				"x": 1.0,
				"y": 1.0,
				"z": 1.0
			},
			"rotate": {
				"x": 0.0,
				"y": 0.0,
				"z": 0.0
			}
		},
		"tcp.grass_block": {
			"binding": "gunModel",
			"hidePart": [],
			"translate": {
				"x": 0.0,
				"y": 0.0,
				"z": -0.2
			},
			"scale": {
				"x": 0.7,
				"y": 0.7,
				"z": 0.7
			},
			"rotate": {
				"x": -5.0,
				"y": 0.0,
				"z": 0.0
			}
		},
		"tcp.suppressor_normal": {
			"binding": "gunModel",
			"hidePart": [],
			"flashModelOffset": {
			  "x": 0.0,
			  "y": 0.0,
			  "z": 0.0
			}
		},
		"tcp.akfastammo": {
			"hidePart": [
				"slideModel"
			],
			"multiMagazineTransform": [
				{
					"translate": {
						"x": 0.0,
						"y": 0.0,
						"z": 0.0
					},
					"rotate": {
						"x": 0.0,
						"y": 0.0,
						"z": 0.0
					}
				},
				{
					"translate": {
						"x": 2.5,
						"y": -6.9,
						"z": 0.65
					},
					"rotate": {
						"x": 0.0,
						"y": -180.0,
						"z": 140.0
					}
				}
			]
		}
	},
	"defaultHidePart": [
	  "ammoModel_2"
	],
	"attachments": {},
	"global": {
		"globalTranslate": {
			"x": 0.0,
			"y": 0.0,
			"z": 0.0
		},
		"globalScale": {
			"x": 2.0,
			"y": 2.0,
			"z": 2.0
		},
		"globalRotate": {
			"x": 0.0,
			"y": 0.0,
			"z": 0.0
		}
	},
	"objectControl": {
		"ammoModel": {
			"progress": false,
			"translate": {
				"x": 0.0,
				"y": 0.0,
				"z": 0.0
			},
			"scale": {
				"x": 1.0,
				"y": 1.0,
				"z": 1.0
			},
			"rotate": {
				"x": 0.0,
				"y": 0.0,
				"z": 0.0
			}
		}
	},
	"showHandArmorType": "static",
	"extra": {
		"translateAll": {
			"x": 0.0,
			"y": 0.0,
			"z": 0.0
		},
		"modelScale": 1.2,
		"modelGuiScale": 0.8,
		"modelGuiRotateCenter": {
			"x": 0.0,
			"y": 1.5
		},
		"gunOffsetScoping": 0.0,
		"crouchZoom": -0.035,
		"adsSpeed": 0.02,
		"modelRecoilBackwards": 0.5,
		"modelRecoilUpwards": 0.3,
		"modelRecoilShake": 0.35
	}
}