{
	"modelFileName": "m4a4.glb",
	"animations": {
		"default": {
			"startTime": 730,
			"endTime": 731,
			"speed": 0.0015
		},
		"defaultEmpty": {
			"startTime": 740,
			"endTime": 741,
			"speed": 0.0015
		},
		"draw": {
			"startTime": 1,
			"endTime": 30,
			"speed": 0.024
		},
		"aim": {
			"speed": 0.007
		},
		"sprint": {
			"startTime": 410,
			"endTime": 450,
			"speed": 0.036
		},
		"preFire": {
			"startTime": 40,
			"endTime": 45,
			"speed": 1.0
		},
		"fire": {
			"startTime": 45,
			"endTime": 46,
			"speed": 0.2
		},
		"postFire": {
			"startTime": 46,
			"endTime": 54,
			"speed": 0.1
		},
		"preReload": {
			"startTime": 60,
			"endTime": 73,
			"speed": 0.024
		},
		"reloadFirst": {
			"startTime": 73,
			"endTime": 95,
			"speed": 0.024
		},
		"reloadSecond": {
			"startTime": 95,
			"endTime": 99,
			"speed": 0.024
		},
		"postReload": {
			"startTime": 99,
			"endTime": 114,
			"speed": 0.024
		},
		"preReloadEmpty": {
			"startTime": 130,
			"endTime": 143,
			"speed": 0.024
		},
		"reloadFirstEmpty": {
			"startTime": 143,
			"endTime": 165,
			"speed": 0.024
		},
		"reloadSecondEmpty": {
			"startTime": 165,
			"endTime": 169,
			"speed": 0.024
		},
		"postReloadEmpty": {
			"startTime": 169,
			"endTime": 199,
			"speed": 0.024
		},
		"reloadFirstQuickly": {
			"startTime": 73,
			"endTime": 95,
			"speed": 0.03
		},
		"reloadSecondQuickly": {
			"startTime": 95,
			"endTime": 99,
			"speed": 0.03
		},
		"preLoad": {
			"startTime": 210,
			"endTime": 245,
			"speed": 0.024
		},
		"load": {
			"startTime": 245,
			"endTime": 260,
			"speed": 0.024
		},
		"postLoad": {
			"startTime": 260,
			"endTime": 285,
			"speed": 0.024
		},
		"preUnload": {
			"startTime": 320,
			"endTime": 333,
			"speed": 0.024
		},
		"unload": {
			"startTime": 333,
			"endTime": 351,
			"speed": 0.024
		},
		"modeChange": {
			"startTime": 520,
			"endTime": 535,
			"speed": 0.05
		},
		"inspect": {
			"startTime": 540,
			"endTime": 674,
			"speed": 0.024
		}
	},
	"sprint": {
		"basicSprint": false,
		"sprintRotate": {
			"x": 0.0,
			"y": 0.0,
			"z": 0.0
		},
		"sprintTranslate": {
			"x": 0.0,
			"y": 0.0,
			"z": 0.0
		}
	},
	"thirdPerson": {
		"renderElements": {
			"player": {
				"pos": {
					"x": 0.0,
					"y": 0.75,
					"z": -0.3
				},
				"rot": {
					"x": 0.0,
					"y": 90.0,
					"z": -90.0
				},
				"size": {
					"x": 0.7,
					"y": 0.7,
					"z": 0.7
				}
			},
			"itemloot": {
				"randomYaw": true,
				"pos": {
					"x": 0.0,
					"y": -0.47,
					"z": 0.0
				},
				"rot": {
					"x": 90.0,
					"y": 0.0,
					"z": 0.0
				},
				"size": {
					"x": 0.7,
					"y": 0.7,
					"z": 0.7
				}
			},
			"itemframe": {
				"pos": {
					"x": 0.0,
					"y": 0.0,
					"z": 0.0
				},
				"rot": {
					"x": 0.0,
					"y": 0.0,
					"z": 0.0
				},
				"size": {
					"x": 0.7,
					"y": 0.7,
					"z": 0.7
				}
			}
		}
	},
	"aim": {
		"rotateHipPosition": {
			"x": 0.0,
			"y": 0.0,
			"z": 0.0
		},
		"translateHipPosition": {
			"x": 10.0,
			"y": -2.0,
			"z": 2.0
		},
		"rotateAimPosition": {
			"x": 0.0,
			"y": 0.0,
			"z": 0.9
		},
		"translateAimPosition": {
			"x": -3.5,
			"y": 0.98,
			"z": -2.0
		}
	},
	"attachmentGroup": {
		"barrel": {
			"hidePart": [
				"defaultBarrelModel"
			],
			"translate": {
				"x": 10.0,
				"y": -0.88,
				"z": 0.0
			},
			"scale": {
				"x": 1.0,
				"y": 1.0,
				"z": 1.0
			},
			"rotate": {
				"x": 0.0,
				"y": 0.0,
				"z": 0.0
			}
		},
		"sight": {
			"hidePart": [
				"defaultScopeModel"
			],
			"translate": {
				"x": -2.0,
				"y": 0.0,
				"z": 0.0
			},
			"scale": {
				"x": 1.0,
				"y": 1.0,
				"z": 1.0
			},
			"rotate": {
				"x": 0.0,
				"y": 0.0,
				"z": 0.0
			}
		},
		"grip": {
			"hidePart": [
				"defaultGripModel"
			],
			"translate": {
				"x": 4.0,
				"y": -1.6,
				"z": 0.0
			},
			"scale": {
				"x": 1.0,
				"y": 1.0,
				"z": 1.0
			},
			"rotate": {
				"x": 0.0,
				"y": 0.0,
				"z": 0.0
			}
		},
		"flashlight": {
			"translate": {
				"x": 6.0,
				"y": 0.0,
				"z": -0.5
			},
			"scale": {
				"x": 1.0,
				"y": 1.0,
				"z": 1.0
			},
			"rotate": {
				"x": 0.0,
				"y": 0.0,
				"z": 0.0
			}
		},
		"charm": {
			"translate": {
				"x": -2.2,
				"y": -1.2,
				"z": -0.42
			},
			"scale": {
				"x": 1.0,
				"y": 1.0,
				"z": 1.0
			},
			"rotate": {
				"x": 0.0,
				"y": 0.0,
				"z": 0.0
			}
		},
		"ammo": {
			"translate": {
				"x": 0.0,
				"y": 0.0,
				"z": 0.0
			},
			"scale": {
				"x": 1.0,
				"y": 1.0,
				"z": 1.0
			},
			"rotate": {
				"x": 0.0,
				"y": 0.0,
				"z": 0.0
			}
		},
		"bullet": {
			"translate": {
				"x": -0.7,
				"y": 0.0,
				"z": 0.0
			},
			"scale": {
				"x": 1.0,
				"y": 1.0,
				"z": 1.0
			},
			"rotate": {
				"x": 0.0,
				"y": 0.0,
				"z": 0.0
			}
		},
		"stock": {
			"hidePart": [
				"defaultStockModel"
			],
			"translate": {
				"x": -4.5982,
				"y": -0.8726,
				"z": 0.0
			},
			"scale": {
				"x": 1.0,
				"y": 1.0,
				"z": 1.0
			},
			"rotate": {
				"x": 0.0,
				"y": 0.0,
				"z": 0.0
			}
		}
	},
	"attachment": {
		"tcp.sight_reddot": {
			"binding": "gunModel",
			"hidePart": [],
			"sightAimPosOffset": {
				"x": 0.0,
				"y": 0.3,
				"z": 0.0
			},
			"sightAimRotOffset": {
				"x": 0.0,
				"y": 0.0,
				"z": -1.8
			},
			"translate": {
				"x": 0.0,
				"y": 0.0,
				"z": 0.0
			},
			"scale": {
				"x": 1.0,
				"y": 1.0,
				"z": 1.0
			},
			"rotate": {
				"x": 0.0,
				"y": 0.0,
				"z": 0.0
			}
		},
		"tcp.scope_acog": {
			"binding": "gunModel",
			"hidePart": [],
			"renderInsideSightModel": true,
			"renderInsideGunOffset": 6.0,
			"sightAimPosOffset": {
				"x": -1.5,
				"y": 0.13,
				"z": 0.0
			},
			"sightAimRotOffset": {
				"x": 0.0,
				"y": 0.0,
				"z": -1.2
			},
			"translate": {
				"x": 0.0,
				"y": 0.0,
				"z": 0.0
			},
			"scale": {
				"x": 1.0,
				"y": 1.0,
				"z": 1.0
			},
			"rotate": {
				"x": 0.0,
				"y": 0.0,
				"z": 0.0
			}
		},
		"tcp.scope_pm": {
			"binding": "gunModel",
			"hidePart": [],
			"renderInsideSightModel": true,
			"renderInsideGunOffset": 20.0,
			"sightAimPosOffset": {
				"x": -0.8,
				"y": 0.14,
				"z": 0.0
			},
			"sightAimRotOffset": {
				"x": 0.0,
				"y": 0.0,
				"z": -1.2
			},
			"translate": {
				"x": 0.0,
				"y": 0.0,
				"z": 0.0
			},
			"scale": {
				"x": 1.0,
				"y": 1.0,
				"z": 1.0
			},
			"rotate": {
				"x": 0.0,
				"y": 0.0,
				"z": 0.0
			}
		},
		"tcp.stock_m4a4": {
			"binding": "defaultStockModel",
			"attachmentGuiOffset": {
				"x": -4.5982,
				"y": -0.8726,
				"z": 0.0
			},
			"hidePart": [],
			"translate": {
				"x": 4.5982,
				"y": 0.8726,
				"z": 0.0
			},
			"scale": {
				"x": 1.0,
				"y": 1.0,
				"z": 1.0
			},
			"rotate": {
				"x": 0.0,
				"y": 0.0,
				"z": 0.0
			}
		},
		"tcp.grass_block": {
			"binding": "gunModel",
			"hidePart": [],
			"translate": {
				"x": 0.0,
				"y": 0.0,
				"z": -0.3
			},
			"scale": {
				"x": 0.7,
				"y": 0.7,
				"z": 0.7
			},
			"rotate": {
				"x": -20.0,
				"y": 0.0,
				"z": 0.0
			}
		},
		"siz_bg.m416dualexammo": {
			"multiMagazineTransform": [
				{
					"translate": {
						"x": 0.0,
						"y": 0.0,
						"z": 0.0
					},
					"rotate": {
						"x": 0.0,
						"y": 0.0,
						"z": 0.0
					}
				},
				{
					"translate": {
						"x": 0.0,
						"y": 0.0,
						"z": 0.9
					},
					"rotate": {
						"x": 0.0,
						"y": 0.0,
						"z": 0.0
					}
				}
			]
		}
	},
	"defaultHidePart": [],
	"attachments": {},
	"global": {
		"globalTranslate": {
			"x": 0.0,
			"y": 0.0,
			"z": 0.0
		},
		"globalScale": {
			"x": 2.0,
			"y": 2.0,
			"z": 2.0
		},
		"globalRotate": {
			"x": 0.0,
			"y": 0.0,
			"z": 0.0
		}
	},
	"showHandArmorType": "static",
	"extra": {
		"translateAll": {
			"x": 0.0,
			"y": 0.0,
			"z": 0.0
		},
		"modelScale": 1.2,
		"modelGuiScale": 0.8,
		"modelGuiRotateCenter": {
			"x": -1.0,
			"y": 1.5
		},
		"gunOffsetScoping": 0.0,
		"crouchZoom": -0.035,
		"adsSpeed": 0.02,
		"modelRecoilBackwards": 0.2,
		"modelRecoilUpwards": 0.7,
		"modelRecoilShake": 0.25
	}
}