{
	"modelFileName": "glock40.glb",
	"FPS": 60,
	"animations": {
		"default": {
			"startTime": 1720,
			"endTime": 1730,
			"speed": 0.015
		},
		"defaultEmpty": {
			"startTime": 1740,
			"endTime": 1750,
			"speed": 0.015
		},
		"draw": {
			"startTime": 1,
			"endTime": 135,
			"speed": 0.024
		},
		"drawEmpty": {
			"startTime": 140,
			"endTime": 275,
			"speed": 0.024
		},
		"takedown": {
			"startTime": 1760,
			"endTime": 1826,
			"speed": 0.024
		},
		"takedownEmpty": {
			"startTime": 1845,
			"endTime": 1911,
			"speed": 0.024
		},
		"aim": {
			"speed": 0.002
		},
		"sprint": {
			"startTime": 1663,
			"endTime": 1705,
			"speed": 0.024
		},
		"preFire": {
			"startTime": 300,
			"endTime": 303,
			"speed": 0.024
		},
		"fire": {
			"startTime": 303,
			"endTime": 315,
			"speed": 0.024
		},
		"fireLast": {
			"startTime": 403,
			"endTime": 415,
			"speed": 0.024
		},
		"postFire": {
			"startTime": 315,
			"endTime": 392,
			"speed": 0.024
		},
		"postFireEmpty": {
			"startTime": 415,
			"endTime": 492,
			"speed": 0.024
		},
		"preReload": {
			"startTime": 500,
			"endTime": 533,
			"speed": 0.024
		},
		"reloadFirst": {
			"startTime": 533,
			"endTime": 573,
			"speed": 0.024
		},
		"reloadSecond": {
			"startTime": 573,
			"endTime": 630,
			"speed": 0.024
		},
		"postReload": {
			"startTime": 630,
			"endTime": 680,
			"speed": 0.024
		},
		"preReloadEmpty": {
			"startTime": 700,
			"endTime": 737,
			"speed": 0.024
		},
		"reloadFirstEmpty": {
			"startTime": 737,
			"endTime": 778,
			"speed": 0.024
		},
		"reloadSecondEmpty": {
			"startTime": 778,
			"endTime": 825,
			"speed": 0.024
		},
		"postReloadEmpty": {
			"startTime": 825,
			"endTime": 903,
			"speed": 0.024
		},
		"preLoad": {
			"startTime": 920,
			"endTime": 1010,
			"speed": 0.024
		},
		"load": {
			"startTime": 1010,
			"endTime": 1050,
			"speed": 0.024
		},
		"postLoad": {
			"startTime": 1050,
			"endTime": 1080,
			"speed": 0.024
		},
		"preUnload": {
			"startTime": 1100,
			"endTime": 1123,
			"speed": 0.024
		},
		"unload": {
			"startTime": 1123,
			"endTime": 1146,
			"speed": 0.024
		},
		"postUnload": {
			"startTime": 1146,
			"endTime": 1180,
			"speed": 0.024
		},
		"inspect": {
			"startTime": 1200,
			"endTime": 1403,
			"speed": 0.018
		},
		"inspectEmpty": {
			"startTime": 1440,
			"endTime": 1643,
			"speed": 0.018
		}
	},
	"sprint": {
		"basicSprint": true,
		"sprintRotate": {
			"x": 0.0,
			"y": 0.0,
			"z": 45.0
		},
		"sprintTranslate": {
			"x": -7.0,
			"y": -4.0,
			"z": 0.0
		}
	},
	"thirdPerson": {
		"renderElements": {
			"player": {
				"pos": {
					"x": 0.3,
					"y": -0.3,
					"z": -0.3
				},
				"rot": {
					"x": 0.0,
					"y": 90.0,
					"z": -90.0
				},
				"size": {
					"x": 0.7,
					"y": 0.7,
					"z": 0.7
				}
			},
			"player_offhand": {
				"pos": {
					"x": -0.3,
					"y": -0.3,
					"z": -0.3
				},
				"rot": {
					"x": 0.0,
					"y": 90.0,
					"z": -90.0
				},
				"size": {
					"x": 0.7,
					"y": 0.7,
					"z": 0.7
				}
			},
			"itemloot": {
				"randomYaw": true,
				"pos": {
					"x": -1.0,
					"y": -0.67,
					"z": -0.1
				},
				"rot": {
					"x": 90.0,
					"y": 0.0,
					"z": 0.0
				},
				"size": {
					"x": 0.7,
					"y": 0.7,
					"z": 0.7
				}
			},
			"itemframe": {
				"pos": {
					"x": -1.0,
					"y": 0.2,
					"z": -0.23
				},
				"rot": {
					"x": 0.0,
					"y": 0.0,
					"z": 0.0
				},
				"size": {
					"x": 0.7,
					"y": 0.7,
					"z": 0.7
				}
			}
		}
	},
	"aim": {
		"rotateHipPosition": {
			"x": 0.0,
			"y": 0.0,
			"z": 0.0
		},
		"translateHipPosition": {
			"x": -3.5,
			"y": 0.0,
			"z": 0.0
		},
		"rotateAimPosition": {
			"x": 0.0,
			"y": 0.0,
			"z": 0.0
		},
		"translateAimPosition": {
			"x": -3.0,
			"y": 0.0,
			"z": 0.0
		}
	},
	"attachmentGroup": {
		"barrel": {
			"hidePart": [
				"defaultBarrelModel"
			],
			"translate": {
				"x": 8.0,
				"y": -0.95,
				"z": 0.0
			},
			"scale": {
				"x": 1.0,
				"y": 1.0,
				"z": 1.0
			},
			"rotate": {
				"x": 0.0,
				"y": 0.0,
				"z": 0.0
			}
		},
		"sight": {
			"translate": {
				"x": 0.0,
				"y": 0.0,
				"z": 0.0
			},
			"scale": {
				"x": 1.0,
				"y": 1.0,
				"z": 1.0
			},
			"rotate": {
				"x": 0.0,
				"y": 0.0,
				"z": 0.0
			}
		},
		"grip": {
			"translate": {
				"x": 2.0,
				"y": -1.6,
				"z": 0.0
			},
			"scale": {
				"x": 1.0,
				"y": 1.0,
				"z": 1.0
			},
			"rotate": {
				"x": 0.0,
				"y": 0.0,
				"z": 0.0
			}
		},
		"flashlight": {
			"translate": {
				"x": 3.0,
				"y": 0.0,
				"z": 0.0
			},
			"scale": {
				"x": 1.0,
				"y": 1.0,
				"z": 1.0
			},
			"rotate": {
				"x": 0.0,
				"y": 0.0,
				"z": 0.0
			}
		},
		"charm": {
			"translate": {
				"x": -2.0,
				"y": -1.4,
				"z": -0.42
			},
			"scale": {
				"x": 1.0,
				"y": 1.0,
				"z": 1.0
			},
			"rotate": {
				"x": 0.0,
				"y": 0.0,
				"z": 0.0
			}
		},
		"ammo": {
			"translate": {
				"x": 0.0,
				"y": 0.0,
				"z": 0.0
			},
			"scale": {
				"x": 1.0,
				"y": 1.0,
				"z": 1.0
			},
			"rotate": {
				"x": 0.0,
				"y": 0.0,
				"z": 0.0
			}
		},
		"bullet": {
			"translate": {
				"x": -0.7,
				"y": 0.0,
				"z": 0.0
			},
			"scale": {
				"x": 1.0,
				"y": 1.0,
				"z": 1.0
			},
			"rotate": {
				"x": 0.0,
				"y": 0.0,
				"z": 0.0
			}
		},
		"stock": {
			"translate": {
				"x": 0.0,
				"y": 0.0,
				"z": 0.0
			},
			"scale": {
				"x": 1.0,
				"y": 1.0,
				"z": 1.0
			},
			"rotate": {
				"x": 0.0,
				"y": 0.0,
				"z": 0.0
			}
		}
	},
	"attachment": {
		"tcp.grass_block": {
			"binding": "gunModel",
			"hidePart": [],
			"translate": {
				"x": 0.0,
				"y": 0.0,
				"z": 0.0
			},
			"scale": {
				"x": 0.7,
				"y": 0.7,
				"z": 0.7
			},
			"rotate": {
				"x": -20.0,
				"y": 0.0,
				"z": 0.0
			}
		}
	},
	"defaultHidePart": [],
	"thirdHidePart": [
		"gunModel_offhand",
		"ammo_offhand",
		"bullet_offhand",
		"flashModel_2"
	],
	"thirdShowPart": [],
	"renderOffhandPart": true,
	"thirdHideOffhandPart": [
		"gunModel",
		"ammo",
		"bullet",
		"flashModel_1"
	],
	"thirdShowOffhandPart": [],
	"specialEffect": {
		"oldFlashModel": false,
		"postSmokeFactor": 1,
		"flashModelGroups": [
			{
				"name": "flashModel_1"
			},
			{
				"name": "flashModel_2"
			}
		],
		"postSmokeGroups": [
			{
				"name": "muzzle_point_1"
			},
			{
				"name": "muzzle_point_2"
			}
		],
		"ejectionGroups": [
			{
				"name": "ejection_point_1",
				"ejectSmoke": true,
				"throwShellFrame": 305,
				"throwShellMaxForce": {
					"x": 0,
					"y": 0.4,
					"z": 0.4
				},
				"ejectSmokeForce": {
					"x": -20,
					"y": 1,
					"z": 5
				}
			},
			{
				"name": "ejection_point_2",
				"ejectSmoke": true,
				"throwShellFrame": 308,
				"throwShellMaxForce": {
					"x": 0,
					"y": 0.4,
					"z": 0.4
				},
				"ejectSmokeForce": {
					"x": -20,
					"y": 1,
					"z": -5
				}
			},
			{
				"name": "ejection_point_1",
				"ejectSmoke": true,
				"throwShellFrame": 405,
				"throwShellMaxForce": {
					"x": 0,
					"y": 0.4,
					"z": 0.4
				},
				"ejectSmokeForce": {
					"x": -20,
					"y": -1,
					"z": 5
				}
			},
			{
				"name": "ejection_point_2",
				"ejectSmoke": true,
				"throwShellFrame": 408,
				"throwShellMaxForce": {
					"x": 0,
					"y": 0.4,
					"z": 0.4
				},
				"ejectSmokeForce": {
					"x": -20,
					"y": -1,
					"z": 5
				}
			}
		],
		"firstPersonShellEjectPos": {
			"x": 0,
			"y": 0,
			"z": -0.2
		},
		"thirdPersonShellEjectPos": {
			"x": 0,
			"y": 0,
			"z": 0
		}
	},
	"attachments": {},
	"global": {
		"globalTranslate": {
			"x": 0.0,
			"y": 0.0,
			"z": 0.0
		},
		"globalScale": {
			"x": 2.0,
			"y": 2.0,
			"z": 2.0
		},
		"globalRotate": {
			"x": 0.0,
			"y": 0.0,
			"z": 0.0
		}
	},
	"showHandArmorType": "skin",
	"extra": {
		"translateAll": {
			"x": 0.0,
			"y": 0.0,
			"z": 0.0
		},
		"modelScale": 1.2,
		"modelGuiScale": 0.8,
		"modelGuiRotateCenter": {
			"x": 0.0,
			"y": 1.0
		},
		"gunOffsetScoping": 0.0,
		"crouchZoom": -0.035,
		"adsSpeed": 0.02,
		"modelRecoilBackwards": 0.5,
		"modelRecoilUpwards": 2.3,
		"modelRecoilShake": 0.35
	}
}