{
	"modelFileName": "deagle.glb",
	"animations": {
		"default": {
			"startTime": 750,
			"endTime": 751,
			"speed": 0.015
		},
		"draw": {
			"startTime": 1,
			"endTime": 13,
			"speed": 0.024
		},
		"aim": {
			"speed": 0.007
		},
		"sprint": {
			"startTime": 560,
			"endTime": 600,
			"speed": 0.036
		},
		"preFire": {
			"startTime": 20,
			"endTime": 24,
			"speed": 1.0
		},
		"fire": {
			"startTime": 24,
			"endTime": 25,
			"speed": 0.15
		},
		"postFire": {
			"startTime": 25,
			"endTime": 34,
			"speed": 0.024
		},
		"preReload": {
			"startTime": 50,
			"endTime": 60,
			"speed": 0.024
		},
		"reloadFirst": {
			"startTime": 60,
			"endTime": 90,
			"speed": 0.024
		},
		"reloadSecond": {
			"startTime": 90,
			"endTime": 117,
			"speed": 0.024
		},
		"postReload": {
			"startTime": 117,
			"endTime": 122,
			"speed": 0.024
		},
		"preLoad": {
			"startTime": 140,
			"endTime": 174,
			"speed": 0.024
		},
		"load": {
			"startTime": 174,
			"endTime": 201,
			"speed": 0.024
		},
		"postLoad": {
			"startTime": 201,
			"endTime": 205,
			"speed": 0.024
		},
		"preUnload": {
			"startTime": 230,
			"endTime": 245,
			"speed": 0.024
		},
		"unload": {
			"startTime": 245,
			"endTime": 270,
			"speed": 0.024
		},
		"postUnload": {
			"startTime": 270,
			"endTime": 274,
			"speed": 0.024
		},
		"inspect": {
			"startTime": 290,
			"endTime": 516,
			"speed": 0.024
		}
	},
	"sprint": {
		"basicSprint": false,
		"sprintRotate": {
			"x": 0.0,
			"y": 0.0,
			"z": 0.0
		},
		"sprintTranslate": {
			"x": 0.0,
			"y": 0.0,
			"z": 0.0
		}
	},
	"thirdPerson": {
		"renderElements": {
			"player": {
				"pos": {
					"x": 0.0,
					"y": 0.65,
					"z": -0.25
				},
				"rot": {
					"x": 0.0,
					"y": 90.0,
					"z": -90.0
				},
				"size": {
					"x": 0.7,
					"y": 0.7,
					"z": 0.7
				}
			},
			"itemloot": {
				"randomYaw": true,
				"pos": {
					"x": 0.0,
					"y": -0.47,
					"z": 0.0
				},
				"rot": {
					"x": 90.0,
					"y": 0.0,
					"z": 0.0
				},
				"size": {
					"x": 0.7,
					"y": 0.7,
					"z": 0.7
				}
			},
			"itemframe": {
				"pos": {
					"x": 0.0,
					"y": 0.0,
					"z": 0.0
				},
				"rot": {
					"x": 0.0,
					"y": 0.0,
					"z": 0.0
				},
				"size": {
					"x": 0.7,
					"y": 0.7,
					"z": 0.7
				}
			}
		}
	},
	"aim": {
		"rotateHipPosition": {
			"x": -5.0,
			"y": 0.0,
			"z": 0.0
		},
		"translateHipPosition": {
			"x": 10.0,
			"y": -1.5,
			"z": 1.0
		},
		"rotateAimPosition": {
			"x": 5.0,
			"y": 0.0,
			"z": 0.0
		},
		"translateAimPosition": {
			"x": -3.0,
			"y": 1.5,
			"z": -1.0
		}
	},
	"attachmentGroup": {
		"barrel": {
			"hidePart": [
				"defaultBarrelModel"
			],
			"translate": {
				"x": 8.0,
				"y": -0.95,
				"z": 0.0
			},
			"scale": {
				"x": 1.0,
				"y": 1.0,
				"z": 1.0
			},
			"rotate": {
				"x": 0.0,
				"y": 0.0,
				"z": 0.0
			}
		},
		"sight": {
			"translate": {
				"x": 0.0,
				"y": 0.0,
				"z": 0.0
			},
			"scale": {
				"x": 1.0,
				"y": 1.0,
				"z": 1.0
			},
			"rotate": {
				"x": 0.0,
				"y": 0.0,
				"z": 0.0
			}
		},
		"grip": {
			"translate": {
				"x": 2.0,
				"y": -1.6,
				"z": 0.0
			},
			"scale": {
				"x": 1.0,
				"y": 1.0,
				"z": 1.0
			},
			"rotate": {
				"x": 0.0,
				"y": 0.0,
				"z": 0.0
			}
		},
		"flashlight": {
			"translate": {
				"x": 3.0,
				"y": 0.0,
				"z": 0.0
			},
			"scale": {
				"x": 1.0,
				"y": 1.0,
				"z": 1.0
			},
			"rotate": {
				"x": 0.0,
				"y": 0.0,
				"z": 0.0
			}
		},
		"charm": {
			"translate": {
				"x": -2.0,
				"y": -1.4,
				"z": -0.42
			},
			"scale": {
				"x": 1.0,
				"y": 1.0,
				"z": 1.0
			},
			"rotate": {
				"x": 0.0,
				"y": 0.0,
				"z": 0.0
			}
		},
		"ammo": {
			"translate": {
				"x": 0.0,
				"y": 0.0,
				"z": 0.0
			},
			"scale": {
				"x": 1.0,
				"y": 1.0,
				"z": 1.0
			},
			"rotate": {
				"x": 0.0,
				"y": 0.0,
				"z": 0.0
			}
		},
		"bullet": {
			"translate": {
				"x": -0.7,
				"y": 0.0,
				"z": 0.0
			},
			"scale": {
				"x": 1.0,
				"y": 1.0,
				"z": 1.0
			},
			"rotate": {
				"x": 0.0,
				"y": 0.0,
				"z": 0.0
			}
		},
		"stock": {
			"translate": {
				"x": 0.0,
				"y": 0.0,
				"z": 0.0
			},
			"scale": {
				"x": 1.0,
				"y": 1.0,
				"z": 1.0
			},
			"rotate": {
				"x": 0.0,
				"y": 0.0,
				"z": 0.0
			}
		}
	},
	"attachment": {
		"tcp.sight_reddot": {
			"binding": "slideModel",
			"hidePart": [
				"attachmentModel"
			],
			"sightAimPosOffset": {
				"x": 0.0,
				"y": -0.4,
				"z": 0.0
			},
			"sightAimRotOffset": {
				"x": 0.0,
				"y": 0.0,
				"z": 0.0
			},
			"translate": {
				"x": -1.7,
				"y": 0.0,
				"z": 0.0
			},
			"scale": {
				"x": 0.7,
				"y": 0.7,
				"z": 0.7
			},
			"rotate": {
				"x": 0.0,
				"y": 0.0,
				"z": 0.0
			}
		},
		"tcp.grass_block": {
			"binding": "gunModel",
			"hidePart": [],
			"translate": {
				"x": 0.0,
				"y": 0.0,
				"z": 0.0
			},
			"scale": {
				"x": 0.7,
				"y": 0.7,
				"z": 0.7
			},
			"rotate": {
				"x": -20.0,
				"y": 0.0,
				"z": 0.0
			}
		}
	},
	"defaultHidePart": [
		"ammoModel_2"
	],
	"attachments": {},
	"global": {
		"globalTranslate": {
			"x": 0.0,
			"y": 0.0,
			"z": 0.0
		},
		"globalScale": {
			"x": 2.0,
			"y": 2.0,
			"z": 2.0
		},
		"globalRotate": {
			"x": 0.0,
			"y": 0.0,
			"z": 0.0
		}
	},
	"showHandArmorType": "static",
	"extra": {
		"translateAll": {
			"x": 0.0,
			"y": 0.0,
			"z": 0.0
		},
		"modelScale": 1.2,
		"modelGuiScale": 0.8,
		"modelGuiRotateCenter": {
			"x": 0.0,
			"y": 1.0
		},
		"gunOffsetScoping": 0.0,
		"crouchZoom": -0.035,
		"adsSpeed": 0.02,
		"modelRecoilBackwards": 0.5,
		"modelRecoilUpwards": 2.3,
		"modelRecoilShake": 0.35
	}
}